<?xml version="1.0" encoding="UTF-8" standalone="yes"?>
<features xmlns="http://karaf.apache.org/xmlns/features/v1.6.0" name="distro-3.4.0">
    <feature name="openhab-runtime-ui" description="openHAB UI" version="3.4.0">
        <feature>openhab-runtime-base</feature>
        <feature>openhab-core-ui</feature>
        <feature>openhab-core-ui-icon</feature>
        <bundle>mvn:org.openhab.ui.bundles/org.openhab.ui/3.4.0</bundle>
        <bundle>mvn:org.openhab.ui.bundles/org.openhab.ui.iconset.classic/3.4.0</bundle>
    </feature>
    <feature name="openhab-package-standard" description="openHAB Standard Package" version="3.4.0">
        <config name="org.openhab.addons" append="true" external="false" override="false">
package = standard
ui = basic,habpanel
persistence = rrd4j

</config>
        <feature>openhab-runtime-base</feature>
    </feature>
    <feature name="openhab-core-base" description="openHAB Core" version="3.4.0">
        <details>openHAB Core base bundles</details>
        <feature dependency="true">openhab.tp-base</feature>
        <feature dependency="true">openhab.tp-jollyday</feature>
        <feature dependency="true">openhab.tp-gson</feature>
        <feature dependency="true">openhab.tp-xtext</feature>
        <feature dependency="true">openhab.tp-jax-rs-whiteboard</feature>
        <feature dependency="true">openhab.tp-httpclient</feature>
        <feature dependency="true">openhab.tp-jna</feature>
        <feature dependency="true">openhab-core-storage-json</feature>
        <feature dependency="true">pax-http-whiteboard</feature>
        <bundle>mvn:org.openhab.core.bundles/org.openhab.core.automation/3.4.0</bundle>
        <bundle>mvn:org.openhab.core.bundles/org.openhab.core.config.core/3.4.0</bundle>
        <bundle>mvn:org.openhab.core.bundles/org.openhab.core.config.discovery/3.4.0</bundle>
        <bundle>mvn:org.openhab.core.bundles/org.openhab.core.config.dispatch/3.4.0</bundle>
        <bundle start-level="75">mvn:org.openhab.core.bundles/org.openhab.core.config.xml/3.4.0</bundle>
        <bundle>mvn:org.openhab.core.bundles/org.openhab.core/3.4.0</bundle>
        <bundle>mvn:org.openhab.core.bundles/org.openhab.core.binding.xml/3.4.0</bundle>
        <bundle>mvn:org.openhab.core.bundles/org.openhab.core.ephemeris/3.4.0</bundle>
        <bundle>mvn:org.openhab.core.bundles/org.openhab.core.id/3.4.0</bundle>
        <bundle>mvn:org.openhab.core.bundles/org.openhab.core.persistence/3.4.0</bundle>
        <bundle>mvn:org.openhab.core.bundles/org.openhab.core.semantics/3.4.0</bundle>
        <bundle>mvn:org.openhab.core.bundles/org.openhab.core.thing/3.4.0</bundle>
        <bundle start-level="75">mvn:org.openhab.core.bundles/org.openhab.core.thing.xml/3.4.0</bundle>
        <bundle>mvn:org.openhab.core.bundles/org.openhab.core.transform/3.4.0</bundle>
        <bundle>mvn:org.openhab.core.bundles/org.openhab.core.audio/3.4.0</bundle>
        <bundle>mvn:org.openhab.core.bundles/org.openhab.core.voice/3.4.0</bundle>
        <bundle>mvn:org.openhab.core.bundles/org.openhab.core.io.console/3.4.0</bundle>
        <bundle>mvn:org.openhab.core.bundles/org.openhab.core.io.monitor/3.4.0</bundle>
        <bundle>mvn:org.openhab.core.bundles/org.openhab.core.io.net/3.4.0</bundle>
        <bundle>mvn:org.openhab.core.bundles/org.openhab.core.io.http/3.4.0</bundle>
        <bundle>mvn:org.openhab.core.bundles/org.openhab.core.io.rest/3.4.0</bundle>
        <bundle>mvn:org.openhab.core.bundles/org.openhab.core.io.rest.core/3.4.0</bundle>
        <bundle>mvn:org.openhab.core.bundles/org.openhab.core.io.rest.sse/3.4.0</bundle>
        <requirement>openhab.tp;filter:="(feature=base)"</requirement>
        <requirement>openhab.tp;filter:="(feature=jollyday)"</requirement>
        <requirement>openhab.tp;filter:="(&amp;(feature=xtext)(version&gt;=2.26.0)(!(version&gt;=2.27.0)))"</requirement>
        <requirement>openhab.tp;filter:="(feature=jax-rs-whiteboard)"</requirement>
        <requirement>openhab.tp;filter:="(feature=httpclient)"</requirement>
        <requirement>openhab.tp;filter:="(feature=jna)"</requirement>
    </feature>
    <feature name="openhab-core-addon-marketplace" version="3.4.0">
        <feature>kar</feature>
        <feature>openhab-core-base</feature>
        <feature dependency="true">openhab.tp-jackson</feature>
        <feature dependency="true">openhab-core-ui</feature>
        <bundle>mvn:org.openhab.core.bundles/org.openhab.core.addon.marketplace/3.4.0</bundle>
        <bundle>mvn:org.openhab.core.bundles/org.openhab.core.addon.marketplace.karaf/3.4.0</bundle>
        <requirement>openhab.tp;filter:="(feature=jackson)"</requirement>
    </feature>
    <feature name="openhab-core-auth-jaas" version="3.4.0">
        <feature>openhab-core-base</feature>
        <bundle>mvn:org.openhab.core.bundles/org.openhab.core.auth.jaas/3.4.0</bundle>
    </feature>
    <feature name="openhab-core-auth-oauth2client" version="3.4.0">
        <feature>openhab-core-base</feature>
        <bundle>mvn:org.openhab.core.bundles/org.openhab.core.auth.oauth2client/3.4.0</bundle>
    </feature>
    <feature name="openhab-core-automation-module-script" version="3.4.0">
        <feature>openhab-core-base</feature>
        <bundle>mvn:org.openhab.core.bundles/org.openhab.core.automation.module.script/3.4.0</bundle>
    </feature>
    <feature name="openhab-core-automation-module-script-rulesupport" version="3.4.0">
        <feature>openhab-core-base</feature>
        <feature dependency="true">openhab-core-automation-module-script</feature>
        <bundle>mvn:org.openhab.core.bundles/org.openhab.core.automation.module.script.rulesupport/3.4.0</bundle>
    </feature>
    <feature name="openhab-core-automation-module-media" version="3.4.0">
        <feature>openhab-core-base</feature>
        <feature dependency="true">openhab-core-automation-module-script</feature>
        <bundle>mvn:org.openhab.core.bundles/org.openhab.core.automation.module.media/3.4.0</bundle>
    </feature>
    <feature name="openhab-core-automation-rest" version="3.4.0">
        <feature>openhab-core-base</feature>
        <bundle>mvn:org.openhab.core.bundles/org.openhab.core.automation.rest/3.4.0</bundle>
    </feature>
    <feature name="openhab-core-io-bin2json" description="Binary to JSON converter" version="3.4.0">
        <feature>openhab-core-base</feature>
        <feature dependency="true">openhab.tp-jbbp</feature>
        <bundle>mvn:org.openhab.core.bundles/org.openhab.core.io.bin2json/3.4.0</bundle>
        <requirement>openhab.tp;filter:="(feature=jbbp)"</requirement>
    </feature>
    <feature name="openhab-core-io-console-karaf" description="Karaf Console support for SmartHome stuff" version="3.4.0">
        <feature>openhab-core-base</feature>
        <feature>shell</feature>
        <feature>service-wrapper</feature>
        <bundle>mvn:org.openhab.core.bundles/org.openhab.core.io.console.karaf/3.4.0</bundle>
    </feature>
    <feature name="openhab-core-io-http-auth" version="3.4.0">
        <feature>openhab-core-base</feature>
        <feature>openhab-core-auth-jaas</feature>
        <bundle>mvn:org.openhab.core.bundles/org.openhab.core.io.http.auth/3.4.0</bundle>
    </feature>
    <feature name="openhab-core-io-rest-auth" version="3.4.0">
        <feature>openhab-core-base</feature>
        <feature>openhab-core-auth-jaas</feature>
        <feature dependency="true">openhab.tp-jose4j</feature>
        <bundle>mvn:org.openhab.core.bundles/org.openhab.core.io.rest.auth/3.4.0</bundle>
        <requirement>openhab.tp;filter:="(feature=jose4j)"</requirement>
    </feature>
    <feature name="openhab-core-io-rest-log" version="3.4.0">
        <feature>openhab-core-base</feature>
        <bundle>mvn:org.openhab.core.bundles/org.openhab.core.io.rest.log/3.4.0</bundle>
    </feature>
    <feature name="openhab-core-io-rest-sitemap" version="3.4.0">
        <feature>openhab-core-base</feature>
        <feature>openhab-core-ui</feature>
        <feature dependency="true">openhab-core-model-sitemap</feature>
        <bundle>mvn:org.openhab.core.bundles/org.openhab.core.io.rest.sitemap/3.4.0</bundle>
    </feature>
    <feature name="openhab-core-io-rest-swagger" version="3.4.0">
        <feature>openhab-core-base</feature>
        <feature dependency="true">openhab.tp-swagger-jaxrs</feature>
        <bundle>mvn:org.openhab.core.bundles/org.openhab.core.io.rest.swagger/3.4.0</bundle>
        <requirement>openhab.tp;filter:="(feature=swagger-jaxrs)"</requirement>
    </feature>
    <feature name="openhab-core-io-rest-audio" version="3.4.0">
        <feature>openhab-core-base</feature>
        <bundle>mvn:org.openhab.core.bundles/org.openhab.core.io.rest.audio/3.4.0</bundle>
    </feature>
    <feature name="openhab-core-io-rest-transform" version="3.4.0">
        <feature>openhab-core-base</feature>
        <bundle>mvn:org.openhab.core.bundles/org.openhab.core.io.rest.transform/3.4.0</bundle>
    </feature>
    <feature name="openhab-core-io-rest-voice" version="3.4.0">
        <feature>openhab-core-base</feature>
        <bundle>mvn:org.openhab.core.bundles/org.openhab.core.io.rest.voice/3.4.0</bundle>
    </feature>
    <feature name="openhab-core-io-rest-mdns" version="3.4.0">
        <feature>openhab-core-base</feature>
        <feature>openhab-core-io-transport-mdns</feature>
        <bundle>mvn:org.openhab.core.bundles/org.openhab.core.io.rest.mdns/3.4.0</bundle>
    </feature>
    <feature name="openhab-core-io-websocket" version="3.4.0">
        <feature>openhab-core-base</feature>
        <bundle>mvn:org.openhab.core.bundles/org.openhab.core.io.websocket/3.4.0</bundle>
    </feature>
    <feature name="openhab-core-io-transport-coap" version="3.4.0">
        <feature>openhab-core-base</feature>
        <feature dependency="true">openhab.tp-coap</feature>
        <requirement>openhab.tp;filter:="(feature=coap)"</requirement>
    </feature>
    <feature name="openhab-core-io-transport-http" version="3.4.0">
        <feature>openhab-core-base</feature>
        <feature dependency="true">openhab.tp-httpclient</feature>
        <requirement>openhab.tp;filter:="(feature=httpclient)"</requirement>
    </feature>
    <feature name="openhab-core-io-transport-mdns" version="3.4.0">
        <feature>openhab-core-base</feature>
        <feature dependency="true">openhab.tp-jmdns</feature>
        <bundle>mvn:org.openhab.core.bundles/org.openhab.core.io.transport.mdns/3.4.0</bundle>
        <bundle>mvn:org.openhab.core.bundles/org.openhab.core.config.discovery.mdns/3.4.0</bundle>
        <requirement>openhab.tp;filter:="(feature=jmdns)"</requirement>
    </feature>
    <feature name="openhab-core-io-transport-modbus" version="3.4.0">
        <feature>openhab-core-base</feature>
        <feature>openhab-transport-serial</feature>
        <bundle dependency="true">mvn:org.apache.commons/commons-pool2/2.8.1</bundle>
        <bundle>mvn:org.openhab.core.bundles/org.openhab.core.io.transport.modbus/3.4.0</bundle>
    </feature>
    <feature name="openhab-core-io-transport-mqtt" version="3.4.0">
        <feature>openhab-core-base</feature>
        <feature dependency="true">openhab.tp-hivemqclient</feature>
        <bundle>mvn:org.openhab.core.bundles/org.openhab.core.io.transport.mqtt/3.4.0</bundle>
        <requirement>openhab.tp;filter:="(feature=hivemqclient)"</requirement>
    </feature>
    <feature name="openhab-core-io-transport-serial-javacomm" version="3.4.0">
        <feature>openhab-core-base</feature>
        <feature dependency="true">openhab.tp-serial-javacomm</feature>
        <bundle>mvn:org.openhab.core.bundles/org.openhab.core.io.transport.serial/3.4.0</bundle>
        <bundle>mvn:org.openhab.core.bundles/org.openhab.core.io.transport.serial.javacomm/3.4.0</bundle>
        <requirement>openhab.tp;filter:="(&amp;(feature=serial)(impl=javacomm))"</requirement>
    </feature>
    <feature name="openhab-core-io-transport-upnp" version="3.4.0">
        <feature>openhab-core-base</feature>
        <feature dependency="true">openhab.tp-jupnp</feature>
        <bundle>mvn:org.openhab.core.bundles/org.openhab.core.io.transport.upnp/3.4.0</bundle>
        <bundle>mvn:org.openhab.core.bundles/org.openhab.core.config.discovery.upnp/3.4.0</bundle>
        <requirement>openhab.tp;filter:="(feature=jupnp)"</requirement>
    </feature>
    <feature name="openhab.inc-model-core" version="3.4.0">
        <feature>openhab-core-base</feature>
        <bundle>mvn:org.openhab.core.bundles/org.openhab.core.model.core/3.4.0</bundle>
    </feature>
    <feature name="openhab-core-model-item" version="3.4.0">
        <feature>openhab-core-base</feature>
        <feature>openhab.inc-model-core</feature>
        <bundle>mvn:org.openhab.core.bundles/org.openhab.core.model.item/3.4.0</bundle>
        <bundle>mvn:org.openhab.core.bundles/org.openhab.core.model.item.runtime/3.4.0</bundle>
    </feature>
    <feature name="openhab-core-model-item-ide" version="3.4.0">
        <feature dependency="true">openhab-core-model-item</feature>
        <feature dependency="true">openhab.tp-xtext-ide</feature>
        <bundle>mvn:org.openhab.core.bundles/org.openhab.core.model.item.ide/3.4.0</bundle>
        <requirement>openhab.tp;filter:="(feature=xtext-ide)"</requirement>
    </feature>
    <feature name="openhab-core-model-persistence" version="3.4.0">
        <feature>openhab-core-base</feature>
        <feature>openhab-core-model-item</feature>
        <bundle>mvn:org.openhab.core.bundles/org.openhab.core.model.persistence/3.4.0</bundle>
        <bundle>mvn:org.openhab.core.bundles/org.openhab.core.model.persistence.runtime/3.4.0</bundle>
    </feature>
    <feature name="openhab-core-model-persistence-ide" version="3.4.0">
        <feature dependency="true">openhab-core-model-persistence</feature>
        <feature dependency="true">openhab.tp-xtext-ide</feature>
        <bundle>mvn:org.openhab.core.bundles/org.openhab.core.model.persistence.ide/3.4.0</bundle>
        <requirement>openhab.tp;filter:="(feature=xtext-ide)"</requirement>
    </feature>
    <feature name="openhab-core-model-rule" version="3.4.0">
        <feature>openhab-core-base</feature>
        <feature>openhab-core-model-item</feature>
        <feature>openhab-core-model-persistence</feature>
        <feature>openhab-core-model-script</feature>
        <bundle>mvn:org.openhab.core.bundles/org.openhab.core.model.rule/3.4.0</bundle>
        <bundle>mvn:org.openhab.core.bundles/org.openhab.core.model.rule.runtime/3.4.0</bundle>
    </feature>
    <feature name="openhab-core-model-rule-ide" version="3.4.0">
        <feature dependency="true">openhab-core-model-rule</feature>
        <feature dependency="true">openhab.tp-xtext-ide</feature>
        <bundle>mvn:org.openhab.core.bundles/org.openhab.core.model.rule.ide/3.4.0</bundle>
        <requirement>openhab.tp;filter:="(feature=xtext-ide)"</requirement>
    </feature>
    <feature name="openhab-core-model-script" version="3.4.0">
        <feature>openhab-core-base</feature>
        <feature>openhab-core-automation-module-script-rulesupport</feature>
        <feature>openhab-core-model-persistence</feature>
        <bundle>mvn:org.openhab.core.bundles/org.openhab.core.model.script/3.4.0</bundle>
        <bundle>mvn:org.openhab.core.bundles/org.openhab.core.model.script.runtime/3.4.0</bundle>
    </feature>
    <feature name="openhab-core-model-script-ide" version="3.4.0">
        <feature dependency="true">openhab-core-model-script</feature>
        <feature dependency="true">openhab.tp-xtext-ide</feature>
        <bundle>mvn:org.openhab.core.bundles/org.openhab.core.model.script.ide/3.4.0</bundle>
        <requirement>openhab.tp;filter:="(feature=xtext-ide)"</requirement>
    </feature>
    <feature name="openhab-core-model-sitemap" version="3.4.0">
        <feature>openhab-core-base</feature>
        <feature>openhab.inc-model-core</feature>
        <bundle>mvn:org.openhab.core.bundles/org.openhab.core.model.sitemap/3.4.0</bundle>
        <bundle>mvn:org.openhab.core.bundles/org.openhab.core.model.sitemap.runtime/3.4.0</bundle>
    </feature>
    <feature name="openhab-core-model-sitemap-ide" version="3.4.0">
        <feature dependency="true">openhab-core-model-sitemap</feature>
        <feature dependency="true">openhab.tp-xtext-ide</feature>
        <bundle>mvn:org.openhab.core.bundles/org.openhab.core.model.sitemap.ide/3.4.0</bundle>
        <requirement>openhab.tp;filter:="(feature=xtext-ide)"</requirement>
    </feature>
    <feature name="openhab-core-model-thing" version="3.4.0">
        <feature>openhab-core-base</feature>
        <feature>openhab-core-model-item</feature>
        <bundle>mvn:org.openhab.core.bundles/org.openhab.core.model.thing/3.4.0</bundle>
        <bundle>mvn:org.openhab.core.bundles/org.openhab.core.model.thing.runtime/3.4.0</bundle>
    </feature>
    <feature name="openhab-core-model-thing-ide" version="3.4.0">
        <feature dependency="true">openhab-core-model-thing</feature>
        <feature dependency="true">openhab.tp-xtext-ide</feature>
        <bundle>mvn:org.openhab.core.bundles/org.openhab.core.model.thing.ide/3.4.0</bundle>
        <requirement>openhab.tp;filter:="(feature=xtext-ide)"</requirement>
    </feature>
    <feature name="openhab-core-model-lsp" version="3.4.0">
        <feature dependency="true">openhab.tp-xtext-ide</feature>
        <feature dependency="true">openhab.tp-lsp4j</feature>
        <feature>openhab-core-model-item-ide</feature>
        <feature>openhab-core-model-persistence-ide</feature>
        <feature>openhab-core-model-rule-ide</feature>
        <feature>openhab-core-model-script-ide</feature>
        <feature>openhab-core-model-sitemap-ide</feature>
        <feature>openhab-core-model-thing-ide</feature>
        <bundle>mvn:org.openhab.core.bundles/org.openhab.core.model.lsp/3.4.0</bundle>
        <requirement>openhab.tp;filter:="(&amp;(feature=xtext-ide)(version&gt;=2.26.0)(!(version&gt;=2.27.0)))"</requirement>
        <requirement>openhab.tp;filter:="(&amp;(feature=lsp4j)(version&gt;=0.12.0)(!(version&gt;=0.13.0)))"</requirement>
    </feature>
    <feature name="openhab-core-storage-json" version="3.4.0">
        <feature>openhab-core-base</feature>
        <bundle>mvn:org.openhab.core.bundles/org.openhab.core.storage.json/3.4.0</bundle>
    </feature>
    <feature name="openhab-core-ui" version="3.4.0">
        <feature>openhab-core-base</feature>
        <feature>openhab-core-model-item</feature>
        <feature>openhab-core-model-sitemap</feature>
        <bundle>mvn:org.openhab.core.bundles/org.openhab.core.ui/3.4.0</bundle>
        <bundle>mvn:org.openhab.core.bundles/org.openhab.core.io.rest.ui/3.4.0</bundle>
    </feature>
    <feature name="openhab-core-ui-icon" version="3.4.0">
        <feature>openhab-core-base</feature>
        <bundle>mvn:org.openhab.core.bundles/org.openhab.core.ui.icon/3.4.0</bundle>
    </feature>
    <feature name="openhab-runtime-base" description="openHAB Runtime Base" version="3.4.0">
        <config name="org.openhab.audio" append="false" external="false" override="false">
defaultSink = enhancedjavasound

</config>
        <config name="org.openhab.voice" append="false" external="false" override="false">
defaultHLI = rulehli

</config>
        <feature>openhab-core-base</feature>
        <feature>openhab-core-addon-marketplace</feature>
        <feature>openhab-core-auth-jaas</feature>
        <feature>openhab-core-automation-rest</feature>
        <feature>openhab-core-automation-module-script</feature>
        <feature>openhab-core-automation-module-script-rulesupport</feature>
        <feature>openhab-core-automation-module-media</feature>
        <feature>openhab-core-io-console-karaf</feature>
        <feature>openhab-core-io-http-auth</feature>
        <feature>openhab-core-io-rest-audio</feature>
        <feature>openhab-core-io-rest-auth</feature>
        <feature>openhab-core-io-rest-mdns</feature>
        <feature>openhab-core-io-rest-sitemap</feature>
        <feature>openhab-core-io-rest-swagger</feature>
        <feature>openhab-core-io-rest-transform</feature>
        <feature>openhab-core-io-rest-voice</feature>
        <feature>openhab-core-io-websocket</feature>
        <feature>openhab-core-model-lsp</feature>
        <feature>openhab-core-model-item</feature>
        <feature>openhab-core-model-persistence</feature>
        <feature>openhab-core-model-rule</feature>
        <feature>openhab-core-model-script</feature>
        <feature>openhab-core-model-sitemap</feature>
        <feature>openhab-core-model-thing</feature>
        <feature>openhab-core-ui-icon</feature>
        <feature>openhab-core-storage-json</feature>
        <feature>openhab-runtime-certificate</feature>
        <feature>openhab-transport-mdns</feature>
        <feature>openhab-transport-http</feature>
        <feature prerequisite="true">shell</feature>
        <feature prerequisite="true">wrapper</feature>
        <feature prerequisite="true">jaas</feature>
        <bundle>mvn:org.openhab.core.bundles/org.openhab.core.karaf/3.4.0</bundle>
    </feature>
    <feature name="openhab-runtime-certificate" description="SSL Certificate Generator" version="3.4.0">
        <bundle start-level="20">mvn:org.openhab.core.bundles/org.openhab.core.io.jetty.certificate/3.4.0</bundle>
    </feature>
    <feature name="openhab-transport-coap" description="CoAP Transport" version="3.4.0">
        <feature>openhab-core-io-transport-coap</feature>
    </feature>
    <feature name="openhab-transport-http" description="HTTP Transport" version="3.4.0">
        <feature>openhab-core-auth-oauth2client</feature>
        <bundle dependency="true">mvn:javax.servlet/javax.servlet-api/3.1.0</bundle>
        <bundle dependency="true">mvn:org.eclipse.jetty/jetty-client/9.4.46.v20220331</bundle>
        <bundle dependency="true">mvn:org.eclipse.jetty/jetty-http/9.4.46.v20220331</bundle>
        <bundle dependency="true">mvn:org.eclipse.jetty/jetty-util/9.4.46.v20220331</bundle>
        <bundle dependency="true">mvn:org.eclipse.jetty/jetty-io/9.4.46.v20220331</bundle>
        <bundle dependency="true">mvn:org.eclipse.jetty/jetty-proxy/9.4.46.v20220331</bundle>
        <bundle dependency="true">mvn:org.eclipse.jetty.websocket/websocket-api/9.4.46.v20220331</bundle>
        <bundle dependency="true">mvn:org.eclipse.jetty.websocket/websocket-common/9.4.46.v20220331</bundle>
        <bundle dependency="true">mvn:org.eclipse.jetty.websocket/websocket-client/9.4.46.v20220331</bundle>
        <capability>openhab.tp;feature=httpclient;version=9.4.46.v20220331</capability>
    </feature>
    <feature name="openhab-transport-mdns" description="mDNS Transport" version="3.4.0">
        <feature>openhab-core-io-transport-mdns</feature>
    </feature>
    <feature name="openhab-transport-modbus" description="Modbus Transport" version="3.4.0">
        <feature>openhab-core-io-transport-modbus</feature>
    </feature>
    <feature name="openhab-transport-mqtt" description="MQTT Transport" version="3.4.0">
        <feature>openhab-core-io-transport-mqtt</feature>
    </feature>
    <feature name="openhab-transport-serial" description="Serial Transport" version="3.4.0">
        <feature>openhab-core-base</feature>
        <feature dependency="true">openhab.tp-commons-net</feature>
        <feature dependency="true">openhab.tp-serial-rxtx</feature>
        <feature dependency="true">openhab-core-io-transport-mdns</feature>
        <bundle>mvn:org.openhab.core.bundles/org.openhab.core.config.serial/3.4.0</bundle>
        <bundle>mvn:org.openhab.core.bundles/org.openhab.core.config.discovery.usbserial/3.4.0</bundle>
        <bundle>mvn:org.openhab.core.bundles/org.openhab.core.config.discovery.usbserial.linuxsysfs/3.4.0</bundle>
        <bundle>mvn:org.openhab.core.bundles/org.openhab.core.config.discovery.usbserial.ser2net/3.4.0</bundle>
        <bundle>mvn:org.openhab.core.bundles/org.openhab.core.io.transport.serial/3.4.0</bundle>
        <bundle>mvn:org.openhab.core.bundles/org.openhab.core.io.transport.serial.rxtx/3.4.0</bundle>
        <bundle>mvn:org.openhab.core.bundles/org.openhab.core.io.transport.serial.rxtx.rfc2217/3.4.0</bundle>
        <requirement>osgi.service;filter:="(objectClass=org.openhab.core.io.transport.serial.SerialPortManager)"</requirement>
        <requirement>osgi.service;filter:="(objectClass=org.openhab.core.io.transport.serial.SerialPortProvider)"</requirement>
        <requirement>openhab.tp;filter:="(feature=commons-net)"</requirement>
        <requirement>openhab.tp;filter:="(&amp;(feature=serial)(impl=rxtx))"</requirement>
    </feature>
    <feature name="openhab-transport-upnp" description="UPnP Transport" version="3.4.0">
        <feature>openhab-core-io-transport-upnp</feature>
    </feature>
    <feature name="openhab.tp-base" description="openHAB Core Target Platform Base" version="3.4.0">
        <feature>scr</feature>
        <feature>eventadmin</feature>
        <feature>log</feature>
        <bundle dependency="true">mvn:org.apache.commons/commons-lang3/3.12.0</bundle>
        <bundle dependency="true">mvn:jakarta.annotation/jakarta.annotation-api/2.0.0</bundle>
        <bundle dependency="true">mvn:jakarta.inject/jakarta.inject-api/2.0.0</bundle>
        <bundle dependency="true">mvn:javax.measure/unit-api/2.1.3</bundle>
        <bundle dependency="true">mvn:org.openhab.osgiify/si.uom.si-units/2.1</bundle>
        <bundle dependency="true">mvn:si.uom/si-quantity/2.1</bundle>
        <bundle dependency="true">mvn:tech.units/indriya/2.1.2</bundle>
        <bundle dependency="true">mvn:tech.uom.lib/uom-lib-common/2.1</bundle>
        <bundle dependency="true">mvn:com.thoughtworks.xstream/xstream/1.4.19</bundle>
        <capability>openhab.tp;feature=base;version=1.0.0</capability>
    </feature>
    <feature name="openhab.tp-coap" description="Californium CoAP library" version="3.4.0">
        <bundle>mvn:org.eclipse.californium/californium-osgi/2.7.4</bundle>
        <bundle>mvn:org.eclipse.californium/californium-core/2.7.4</bundle>
        <bundle>mvn:org.eclipse.californium/element-connector/2.7.4</bundle>
        <bundle>mvn:org.eclipse.californium/scandium/2.7.4</bundle>
        <bundle>mvn:org.eclipse.orbit.bundles/net.i2p.crypto.eddsa/0.3.0.v20220506-1020</bundle>
        <capability>openhab.tp;feature=coap;version=2.7.4</capability>
    </feature>
    <feature name="openhab.tp-commons-net" description="The Apache Commons Net library" version="3.4.0">
        <bundle dependency="true">mvn:commons-net/commons-net/3.9.0</bundle>
        <capability>openhab.tp;feature=commons-net;version=3.9.0</capability>
    </feature>
    <feature name="openhab.tp-gson" description="Gson" version="3.4.0">
        <bundle>mvn:com.google.code.gson/gson/2.8.9</bundle>
        <capability>openhab.tp;feature=gson;version=2.8.9</capability>
    </feature>
    <feature name="openhab.tp-hivemqclient" description="MQTT Client" version="3.4.0">
        <feature dependency="true">openhab.tp-netty</feature>
        <bundle dependency="true">mvn:org.jctools/jctools-core/2.1.2</bundle>
        <bundle dependency="true">mvn:io.reactivex.rxjava2/rxjava/2.2.19</bundle>
        <bundle dependency="true">mvn:org.reactivestreams/reactive-streams/1.0.3</bundle>
        <bundle dependency="true">mvn:org.openhab.osgiify/com.google.dagger/2.27</bundle>
        <bundle dependency="true">mvn:org.apache.servicemix.bundles/org.apache.servicemix.bundles.javax-inject/1_2</bundle>
        <bundle>mvn:com.hivemq/hivemq-mqtt-client/1.2.2</bundle>
        <capability>openhab.tp;feature=hivemqclient;version=1.2.2</capability>
    </feature>
    <feature name="openhab.tp-httpclient" version="3.4.0">
        <bundle dependency="true">mvn:javax.servlet/javax.servlet-api/3.1.0</bundle>
        <bundle dependency="true">mvn:org.eclipse.jetty/jetty-client/9.4.46.v20220331</bundle>
        <bundle dependency="true">mvn:org.eclipse.jetty/jetty-http/9.4.46.v20220331</bundle>
        <bundle dependency="true">mvn:org.eclipse.jetty/jetty-util/9.4.46.v20220331</bundle>
        <bundle dependency="true">mvn:org.eclipse.jetty/jetty-io/9.4.46.v20220331</bundle>
        <bundle dependency="true">mvn:org.eclipse.jetty/jetty-proxy/9.4.46.v20220331</bundle>
        <bundle dependency="true">mvn:org.eclipse.jetty.websocket/websocket-api/9.4.46.v20220331</bundle>
        <bundle dependency="true">mvn:org.eclipse.jetty.websocket/websocket-common/9.4.46.v20220331</bundle>
        <bundle dependency="true">mvn:org.eclipse.jetty.websocket/websocket-client/9.4.46.v20220331</bundle>
        <capability>openhab.tp;feature=httpclient;version=9.4.46.v20220331</capability>
    </feature>
    <feature name="openhab.tp-jackson" description="FasterXML Jackson bundles" version="3.4.0">
        <bundle dependency="true">mvn:com.fasterxml.jackson.core/jackson-annotations/2.12.7</bundle>
        <bundle dependency="true">mvn:com.fasterxml.jackson.core/jackson-core/2.12.7</bundle>
        <bundle dependency="true">mvn:com.fasterxml.jackson.core/jackson-databind/2.12.7.1</bundle>
        <bundle dependency="true">mvn:com.fasterxml.jackson.dataformat/jackson-dataformat-cbor/2.12.7</bundle>
        <bundle dependency="true">mvn:com.fasterxml.jackson.dataformat/jackson-dataformat-xml/2.12.7</bundle>
        <bundle dependency="true">mvn:com.fasterxml.jackson.dataformat/jackson-dataformat-yaml/2.12.7</bundle>
        <bundle dependency="true">mvn:com.fasterxml.jackson.datatype/jackson-datatype-jsr310/2.12.7</bundle>
        <bundle dependency="true">mvn:com.fasterxml.jackson.jaxrs/jackson-jaxrs-base/2.12.7</bundle>
        <bundle dependency="true">mvn:com.fasterxml.jackson.jaxrs/jackson-jaxrs-json-provider/2.12.7</bundle>
        <bundle dependency="true">mvn:com.fasterxml.jackson.module/jackson-module-jaxb-annotations/2.12.7</bundle>
        <bundle dependency="true">mvn:org.yaml/snakeyaml/1.27</bundle>
        <capability>openhab.tp;feature=jackson;version=2.12.7</capability>
    </feature>
    <feature name="openhab.tp-jax-rs-whiteboard" description="Aries JAX-RS Whiteboard" version="3.4.0">
        <feature>http-whiteboard</feature>
        <feature dependency="true">openhab.tp-cxf</feature>
        <feature dependency="true">openhab.tp-jaxb</feature>
        <bundle dependency="true">mvn:org.osgi/org.osgi.util.function/1.1.0</bundle>
        <bundle dependency="true">mvn:org.osgi/org.osgi.util.promise/1.1.1</bundle>
        <bundle dependency="true">mvn:org.osgi/org.osgi.service.jaxrs/1.0.0</bundle>
        <bundle>mvn:org.apache.aries.component-dsl/org.apache.aries.component-dsl.component-dsl/1.2.2</bundle>
        <bundle>mvn:org.apache.aries.jax.rs/org.apache.aries.jax.rs.whiteboard/2.0.0</bundle>
        <capability>openhab.tp;feature=jax-rs-whiteboard;version=2.0.0</capability>
    </feature>
    <feature name="openhab.tp-jna" description="Java Native Access (JNA)" version="3.4.0">
        <bundle dependency="true">mvn:net.java.dev.jna/jna/5.11.0</bundle>
        <bundle dependency="true">mvn:net.java.dev.jna/jna-platform/5.11.0</bundle>
        <capability>openhab.tp;feature=jna;version=5.11.0</capability>
    </feature>
    <feature name="openhab.tp-cxf" description="Apache CXF" version="3.4.0">
        <feature dependency="true">openhab.tp-jaxws</feature>
        <bundle dependency="true">mvn:com.fasterxml.woodstox/woodstox-core/6.2.6</bundle>
        <bundle dependency="true">mvn:jakarta.jws/jakarta.jws-api/2.1.0</bundle>
        <bundle dependency="true">mvn:jakarta.xml.ws/jakarta.xml.ws-api/2.3.3</bundle>
        <bundle dependency="true">mvn:javax.servlet/javax.servlet-api/3.1.0</bundle>
        <bundle dependency="true">mvn:org.apache.aries.spec/org.apache.aries.javax.jax.rs-api/1.0.1</bundle>
        <bundle dependency="true">mvn:org.apache.ws.xmlschema/xmlschema-core/2.2.5</bundle>
        <bundle dependency="true">mvn:org.codehaus.woodstox/stax2-api/4.2.1</bundle>
        <bundle>mvn:org.apache.cxf/cxf-core/3.4.5</bundle>
        <bundle>mvn:org.apache.cxf/cxf-rt-frontend-jaxrs/3.4.5</bundle>
        <bundle>mvn:org.apache.cxf/cxf-rt-rs-client/3.4.5</bundle>
        <bundle>mvn:org.apache.cxf/cxf-rt-rs-sse/3.4.5</bundle>
        <bundle>mvn:org.apache.cxf/cxf-rt-security/3.4.5</bundle>
        <bundle>mvn:org.apache.cxf/cxf-rt-transports-http/3.4.5</bundle>
        <capability>openhab.tp;feature=cxf;version=3.4.5</capability>
    </feature>
    <feature name="openhab.tp-jbbp" description="Java Binary Block Parser library" version="3.4.0">
        <bundle dependency="true">mvn:org.openhab.osgiify/com.igormaznitsa.jbbp/1.4.1</bundle>
        <capability>openhab.tp;feature=jbbp;version=1.4.1</capability>
    </feature>
    <feature name="openhab.tp-netty" description="Netty bundles" version="3.4.0">
        <bundle dependency="true">mvn:io.netty/netty-buffer/4.1.72.Final</bundle>
        <bundle dependency="true">mvn:io.netty/netty-common/4.1.72.Final</bundle>
        <bundle dependency="true">mvn:io.netty/netty-codec/4.1.72.Final</bundle>
        <bundle dependency="true">mvn:io.netty/netty-codec-http/4.1.72.Final</bundle>
        <bundle dependency="true">mvn:io.netty/netty-codec-http2/4.1.72.Final</bundle>
        <bundle dependency="true">mvn:io.netty/netty-codec-mqtt/4.1.72.Final</bundle>
        <bundle dependency="true">mvn:io.netty/netty-codec-socks/4.1.72.Final</bundle>
        <bundle dependency="true">mvn:io.netty/netty-handler/4.1.72.Final</bundle>
        <bundle dependency="true">mvn:io.netty/netty-handler-proxy/4.1.72.Final</bundle>
        <bundle dependency="true">mvn:io.netty/netty-resolver/4.1.72.Final</bundle>
        <bundle dependency="true">mvn:io.netty/netty-transport/4.1.72.Final</bundle>
        <bundle dependency="true">mvn:io.netty/netty-transport-native-epoll/4.1.72.Final</bundle>
        <bundle dependency="true">mvn:io.netty/netty-transport-native-kqueue/4.1.72.Final</bundle>
        <bundle dependency="true">mvn:io.netty/netty-transport-native-unix-common/4.1.72.Final</bundle>
        <bundle dependency="true">mvn:io.netty/netty-transport-classes-epoll/4.1.72.Final</bundle>
        <bundle dependency="true">mvn:io.netty/netty-tcnative-classes/2.0.46.Final</bundle>
        <capability>openhab.tp;feature=netty;version=4.1.72.Final</capability>
    </feature>
    <feature name="openhab.tp-jaxb" description="JAXB bundles" version="3.4.0">
        <bundle start-level="10">mvn:org.apache.servicemix.specs/org.apache.servicemix.specs.activation-api-1.2.1/1.2.1_3</bundle>
        <bundle start-level="10">mvn:jakarta.xml.bind/jakarta.xml.bind-api/2.3.3</bundle>
        <bundle start-level="20">mvn:com.sun.xml.bind/jaxb-osgi/2.3.3</bundle>
        <bundle start-level="20">mvn:org.glassfish.hk2/osgi-resource-locator/1.0.3</bundle>
        <capability>openhab.tp;feature=jaxb;version=2.3.3</capability>
    </feature>
    <feature name="openhab.tp-jaxws" description="JAX-WS (SOAP) bundles" version="3.4.0">
        <bundle start-level="10">mvn:org.apache.servicemix.specs/org.apache.servicemix.specs.activation-api-1.2.1/1.2.1_3</bundle>
        <bundle start-level="10">mvn:org.apache.servicemix.specs/org.apache.servicemix.specs.saaj-api-1.4/1.4_2</bundle>
        <bundle start-level="20">mvn:org.apache.servicemix.bundles/org.apache.servicemix.bundles.saaj-impl/1.4.0_2</bundle>
        <bundle start-level="20">mvn:org.jvnet.staxex/stax-ex/1.7.4</bundle>
        <capability>openhab.tp;feature=jax-ws;version=1.4.0</capability>
    </feature>
    <feature name="openhab.tp-jollyday" description="Jollyday library" version="3.4.0">
        <bundle>mvn:org.threeten/threeten-extra/1.5.0</bundle>
        <bundle>mvn:de.jollyday/jollyday/0.5.10</bundle>
        <capability>openhab.tp;feature=jollyday;version=0.5.10</capability>
    </feature>
    <feature name="openhab.tp-jmdns" description="An implementation of multi-cast DNS in Java." version="3.4.0">
        <bundle>mvn:org.jmdns/jmdns/3.5.8</bundle>
        <capability>openhab.tp;feature=jmdns;version=3.5.8</capability>
    </feature>
    <feature name="openhab.tp-jose4j" description="jose4j JWT library" version="3.4.0">
        <bundle start-level="10">mvn:org.apache.servicemix.specs/org.apache.servicemix.specs.activation-api-1.2.1/1.2.1_3</bundle>
        <bundle>mvn:org.bitbucket.b_c/jose4j/0.7.7</bundle>
        <capability>openhab.tp;feature=jose4j;version=0.7.7</capability>
    </feature>
    <feature name="openhab.tp-jupnp" description="UPnP/DLNA library for Java" version="3.4.0">
        <feature dependency="true">http</feature>
        <feature dependency="true">scr</feature>
        <feature dependency="true">openhab.tp-httpclient</feature>
        <bundle>mvn:org.jupnp/org.jupnp/2.6.1</bundle>
        <capability>openhab.tp;feature=jupnp;version=2.6.1</capability>
    </feature>
    <feature name="openhab.tp-lsp4j" description="Eclipse LSP4J" version="3.4.0">
        <feature dependency="true">openhab.tp-gson</feature>
        <feature dependency="true">openhab.tp-xtext</feature>
        <bundle>mvn:org.eclipse.lsp4j/org.eclipse.lsp4j/0.12.0</bundle>
        <bundle>mvn:org.eclipse.lsp4j/org.eclipse.lsp4j.jsonrpc/0.12.0</bundle>
        <capability>openhab.tp;feature=lsp4j;version=0.12.0</capability>
    </feature>
    <feature name="openhab.tp-serial-javacomm" version="3.4.0">
        <bundle>mvn:org.eclipse.kura/org.eclipse.soda.dk.comm/1.2.201</bundle>
        <bundle>mvn:org.eclipse.kura/org.eclipse.soda.dk.comm.armv6hf/1.2.201</bundle>
        <bundle>mvn:org.eclipse.kura/org.eclipse.soda.dk.comm.aarch64/1.2.201</bundle>
        <bundle>mvn:org.eclipse.kura/org.eclipse.soda.dk.comm.x86_64/1.2.201</bundle>
        <capability>openhab.tp;feature=serial;impl=javacomm</capability>
    </feature>
    <feature name="openhab.tp-serial-rxtx" version="3.4.0">
        <bundle>mvn:com.neuronrobotics/nrjavaserial/5.2.1.OH1</bundle>
        <capability>openhab.tp;feature=serial;impl=rxtx</capability>
    </feature>
    <feature name="openhab.tp-xtext" description="Xtext - Language Engineering Made Easy" version="3.4.0">
        <bundle>mvn:org.eclipse.xtext/org.eclipse.xtext/2.26.0</bundle>
        <bundle dependency="true">mvn:org.eclipse.emf/org.eclipse.emf.common/2.17.0</bundle>
        <bundle dependency="true">mvn:org.eclipse.emf/org.eclipse.emf.ecore/2.20.0</bundle>
        <bundle dependency="true">mvn:org.eclipse.emf/org.eclipse.emf.ecore.change/2.14.0</bundle>
        <bundle dependency="true">mvn:org.eclipse.emf/org.eclipse.emf.ecore.xmi/2.16.0</bundle>
        <bundle dependency="true">mvn:org.eclipse.xtext/org.eclipse.xtext.common.types/2.26.0</bundle>
        <bundle dependency="true">mvn:javax.annotation/javax.annotation-api/1.2</bundle>
        <bundle dependency="true">mvn:org.eclipse.xtext/org.eclipse.xtext.xbase/2.26.0</bundle>
        <bundle dependency="true">mvn:org.eclipse.xtext/org.eclipse.xtext.xbase.lib/2.26.0</bundle>
        <bundle dependency="true">mvn:org.eclipse.xtext/org.eclipse.xtext.smap/2.26.0</bundle>
        <bundle dependency="true">mvn:org.eclipse.xtext/org.eclipse.xtext.util/2.26.0</bundle>
        <bundle dependency="true">mvn:org.eclipse.xtend/org.eclipse.xtend.lib/2.26.0</bundle>
        <bundle dependency="true">mvn:org.eclipse.xtend/org.eclipse.xtend.lib.macro/2.26.0</bundle>
        <bundle dependency="true">mvn:com.google.guava/failureaccess/1.0.1</bundle>
        <bundle dependency="true">mvn:com.google.guava/guava/30.1-jre</bundle>
        <bundle dependency="true">mvn:org.apache.servicemix.bundles/org.apache.servicemix.bundles.javax-inject/1_2</bundle>
        <bundle dependency="true">mvn:org.eclipse.orbit.bundles/org.aopalliance/1.0.0.v201105210816</bundle>
        <bundle dependency="true">mvn:org.eclipse.orbit.bundles/com.google.inject/5.0.1.v20210324-2015</bundle>
        <bundle dependency="true">mvn:org.eclipse.orbit.bundles/io.github.classgraph/4.8.138.v20211212-1642</bundle>
        <bundle dependency="true">mvn:org.eclipse.orbit.bundles/org.antlr.runtime/3.2.0.v201101311130</bundle>
        <bundle dependency="true">mvn:org.eclipse.platform/org.eclipse.equinox.common/3.13.0</bundle>
        <bundle dependency="true">mvn:org.eclipse.platform/org.eclipse.equinox.registry/3.9.0</bundle>
        <bundle dependency="true">mvn:org.eclipse.platform/org.eclipse.equinox.supplement/1.9.0</bundle>
        <bundle start-level="20" dependency="true">mvn:org.ow2.asm/asm/9.2</bundle>
        <capability>openhab.tp;feature=xtext;version=2.26.0</capability>
    </feature>
    <feature name="openhab.tp-xtext-ide" description="Xtext - IDE Support" version="3.4.0">
        <feature dependency="true">openhab.tp-xtext</feature>
        <bundle dependency="true">mvn:org.eclipse.xtext/org.eclipse.xtext.ide/2.26.0</bundle>
        <bundle dependency="true">mvn:org.eclipse.xtext/org.eclipse.xtext.xbase.ide/2.26.0</bundle>
        <capability>openhab.tp;feature=xtext-ide;version=2.26.0</capability>
    </feature>
    <feature name="openhab.tp-swagger-jaxrs" description="JAX-RS Whiteboard Swagger Support" version="3.4.0">
        <feature dependency="true">openhab.tp-jax-rs-whiteboard</feature>
        <feature dependency="true">openhab.tp-jackson</feature>
        <bundle dependency="true">mvn:io.swagger.core.v3/swagger-annotations/2.1.9</bundle>
        <bundle dependency="true">mvn:io.swagger.core.v3/swagger-core/2.1.9</bundle>
        <bundle dependency="true">mvn:io.swagger.core.v3/swagger-integration/2.1.9</bundle>
        <bundle dependency="true">mvn:io.swagger.core.v3/swagger-jaxrs2/2.1.9</bundle>
        <bundle dependency="true">mvn:io.swagger.core.v3/swagger-models/2.1.9</bundle>
        <bundle dependency="true">mvn:jakarta.validation/jakarta.validation-api/2.0.2</bundle>
        <bundle dependency="true">mvn:org.javassist/javassist/3.27.0-GA</bundle>
        <capability>openhab.tp;feature=swagger-jaxrs;version=2.1.9</capability>
    </feature>
    <feature name="distro" description="openHAB Distro Feature" version="3.4.0">
        <details>openHAB Distro Feature</details>
        <feature version="3.4.0" prerequisite="false" dependency="false">openhab-core-base</feature>
        <feature version="3.4.0" prerequisite="false" dependency="false">openhab-core-addon-marketplace</feature>
        <feature version="3.4.0" prerequisite="false" dependency="false">openhab-core-auth-jaas</feature>
        <feature version="3.4.0" prerequisite="false" dependency="false">openhab-core-auth-oauth2client</feature>
        <feature version="3.4.0" prerequisite="false" dependency="false">openhab-core-automation-module-script</feature>
        <feature version="3.4.0" prerequisite="false" dependency="false">openhab-core-automation-module-script-rulesupport</feature>
        <feature version="3.4.0" prerequisite="false" dependency="false">openhab-core-automation-module-media</feature>
        <feature version="3.4.0" prerequisite="false" dependency="false">openhab-core-automation-rest</feature>
        <feature version="3.4.0" prerequisite="false" dependency="false">openhab-core-io-bin2json</feature>
        <feature version="3.4.0" prerequisite="false" dependency="false">openhab-core-io-console-karaf</feature>
        <feature version="3.4.0" prerequisite="false" dependency="false">openhab-core-io-http-auth</feature>
        <feature version="3.4.0" prerequisite="false" dependency="false">openhab-core-io-rest-auth</feature>
        <feature version="3.4.0" prerequisite="false" dependency="false">openhab-core-io-rest-log</feature>
        <feature version="3.4.0" prerequisite="false" dependency="false">openhab-core-io-rest-sitemap</feature>
        <feature version="3.4.0" prerequisite="false" dependency="false">openhab-core-io-rest-swagger</feature>
        <feature version="3.4.0" prerequisite="false" dependency="false">openhab-core-io-rest-audio</feature>
        <feature version="3.4.0" prerequisite="false" dependency="false">openhab-core-io-rest-transform</feature>
        <feature version="3.4.0" prerequisite="false" dependency="false">openhab-core-io-rest-voice</feature>
        <feature version="3.4.0" prerequisite="false" dependency="false">openhab-core-io-rest-mdns</feature>
        <feature version="3.4.0" prerequisite="false" dependency="false">openhab-core-io-websocket</feature>
        <feature version="3.4.0" prerequisite="false" dependency="false">openhab-core-io-transport-coap</feature>
        <feature version="3.4.0" prerequisite="false" dependency="false">openhab-core-io-transport-http</feature>
        <feature version="3.4.0" prerequisite="false" dependency="false">openhab-core-io-transport-mdns</feature>
        <feature version="3.4.0" prerequisite="false" dependency="false">openhab-core-io-transport-modbus</feature>
        <feature version="3.4.0" prerequisite="false" dependency="false">openhab-core-io-transport-mqtt</feature>
        <feature version="3.4.0" prerequisite="false" dependency="false">openhab-core-io-transport-serial-javacomm</feature>
        <feature version="3.4.0" prerequisite="false" dependency="false">openhab-core-io-transport-upnp</feature>
        <feature version="3.4.0" prerequisite="false" dependency="false">openhab.inc-model-core</feature>
        <feature version="3.4.0" prerequisite="false" dependency="false">openhab-core-model-item</feature>
        <feature version="3.4.0" prerequisite="false" dependency="false">openhab-core-model-item-ide</feature>
        <feature version="3.4.0" prerequisite="false" dependency="false">openhab-core-model-persistence</feature>
        <feature version="3.4.0" prerequisite="false" dependency="false">openhab-core-model-persistence-ide</feature>
        <feature version="3.4.0" prerequisite="false" dependency="false">openhab-core-model-rule</feature>
        <feature version="3.4.0" prerequisite="false" dependency="false">openhab-core-model-rule-ide</feature>
        <feature version="3.4.0" prerequisite="false" dependency="false">openhab-core-model-script</feature>
        <feature version="3.4.0" prerequisite="false" dependency="false">openhab-core-model-script-ide</feature>
        <feature version="3.4.0" prerequisite="false" dependency="false">openhab-core-model-sitemap</feature>
        <feature version="3.4.0" prerequisite="false" dependency="false">openhab-core-model-sitemap-ide</feature>
        <feature version="3.4.0" prerequisite="false" dependency="false">openhab-core-model-thing</feature>
        <feature version="3.4.0" prerequisite="false" dependency="false">openhab-core-model-thing-ide</feature>
        <feature version="3.4.0" prerequisite="false" dependency="false">openhab-core-model-lsp</feature>
        <feature version="3.4.0" prerequisite="false" dependency="false">openhab-core-storage-json</feature>
        <feature version="3.4.0" prerequisite="false" dependency="false">openhab-core-ui</feature>
        <feature version="3.4.0" prerequisite="false" dependency="false">openhab-core-ui-icon</feature>
        <feature version="3.4.0" prerequisite="false" dependency="false">openhab-runtime-base</feature>
        <feature version="3.4.0" prerequisite="false" dependency="false">openhab-runtime-certificate</feature>
        <feature version="3.4.0" prerequisite="false" dependency="false">openhab-transport-coap</feature>
        <feature version="3.4.0" prerequisite="false" dependency="false">openhab-transport-http</feature>
        <feature version="3.4.0" prerequisite="false" dependency="false">openhab-transport-mdns</feature>
        <feature version="3.4.0" prerequisite="false" dependency="false">openhab-transport-modbus</feature>
        <feature version="3.4.0" prerequisite="false" dependency="false">openhab-transport-mqtt</feature>
        <feature version="3.4.0" prerequisite="false" dependency="false">openhab-transport-serial</feature>
        <feature version="3.4.0" prerequisite="false" dependency="false">openhab-transport-upnp</feature>
        <feature version="3.4.0" prerequisite="false" dependency="false">openhab.tp-base</feature>
        <feature version="3.4.0" prerequisite="false" dependency="false">openhab.tp-coap</feature>
        <feature version="3.4.0" prerequisite="false" dependency="false">openhab.tp-commons-net</feature>
        <feature version="3.4.0" prerequisite="false" dependency="false">openhab.tp-gson</feature>
        <feature version="3.4.0" prerequisite="false" dependency="false">openhab.tp-hivemqclient</feature>
        <feature version="3.4.0" prerequisite="false" dependency="false">openhab.tp-httpclient</feature>
        <feature version="3.4.0" prerequisite="false" dependency="false">openhab.tp-jackson</feature>
        <feature version="3.4.0" prerequisite="false" dependency="false">openhab.tp-jax-rs-whiteboard</feature>
        <feature version="3.4.0" prerequisite="false" dependency="false">openhab.tp-jna</feature>
        <feature version="3.4.0" prerequisite="false" dependency="false">openhab.tp-cxf</feature>
        <feature version="3.4.0" prerequisite="false" dependency="false">openhab.tp-jbbp</feature>
        <feature version="3.4.0" prerequisite="false" dependency="false">openhab.tp-netty</feature>
        <feature version="3.4.0" prerequisite="false" dependency="false">openhab.tp-jaxb</feature>
        <feature version="3.4.0" prerequisite="false" dependency="false">openhab.tp-jaxws</feature>
        <feature version="3.4.0" prerequisite="false" dependency="false">openhab.tp-jollyday</feature>
        <feature version="3.4.0" prerequisite="false" dependency="false">openhab.tp-jmdns</feature>
        <feature version="3.4.0" prerequisite="false" dependency="false">openhab.tp-jose4j</feature>
        <feature version="3.4.0" prerequisite="false" dependency="false">openhab.tp-jupnp</feature>
        <feature version="3.4.0" prerequisite="false" dependency="false">openhab.tp-lsp4j</feature>
        <feature version="3.4.0" prerequisite="false" dependency="false">openhab.tp-serial-javacomm</feature>
        <feature version="3.4.0" prerequisite="false" dependency="false">openhab.tp-serial-rxtx</feature>
        <feature version="3.4.0" prerequisite="false" dependency="false">openhab.tp-xtext</feature>
        <feature version="3.4.0" prerequisite="false" dependency="false">openhab.tp-xtext-ide</feature>
        <feature version="3.4.0" prerequisite="false" dependency="false">openhab.tp-swagger-jaxrs</feature>
    </feature>
</features>
